Time(s),Nose_X,Nose_Y,Nose_value,Neck_X,Neck_Y,Neck_value,RShoulder_X,RShoulder_Y,RShoulder_value,RElbow_X,RElbow_Y,RElbow_value,RWrist_X,RWrist_Y,RWrist_value,LShoulder_X,LShoulder_Y,LShoulder_value,LElbow_X,LElbow_Y,LElbow_value,LWrist_X,LWrist_Y,LWris_value,MidHip_X,MidHip_Y,MidHip_value,RHip_X,RHip_Y,RHip_value,RKnee_X,RKnee_Y,RKnee_value,RAnkle_X,RAnkle_Y,RAnkle_value,LHip_X,LHip_Y,LHip_value,LKnee_X,LKnee_Y,LKnee_value,LAnkle_X,LKnee_Y,LKnee_value,REye_X,REye_Y,REye_value,LEye_X,LEye_Y,LEye_value,REar_X,REar_Y,REar_value,LEar_X,LEar_Y,LEar_value,LBigToe_X,LBigToe_Y,LBigToe_value,LSmallToe_X,LSmallToe_Y,LSmallToe_value,LHeel_X,LHeel_Y,LHeel_value,RBigToe_X,RBigToe_Y,RBigToe_value,RSmallToe_X,RSmallToe_Y,RSmallToe_value,RHeel_X,RHeel_Y,RHeel_value
0.0,623.5408325195312,372.70452880859375,0.8524541258811951,633.2053833007812,390.3648376464844,0.8846697807312012,607.863525390625,390.3677673339844,0.8182573318481445,592.1615600585938,425.6172180175781,0.8022440075874329,598.0618286132812,409.987548828125,0.8094379901885986,650.9860229492188,388.4532165527344,0.8967994451522827,664.7389526367188,421.7067565917969,0.9081809520721436,648.923095703125,400.1373596191406,0.9491603374481201,625.4705200195312,466.7997741699219,0.7977230548858643,611.7153930664062,466.744140625,0.7974728941917419,601.974365234375,517.726318359375,0.8602112531661987,611.7703247070312,556.8570556640625,0.8931252360343933,639.2120971679688,468.73565673828125,0.7902255058288574,637.2378540039062,570.56884765625,0.9076228141784668,635.3687133789062,570.56884765625,0.9076228141784668,619.6055297851562,368.76824951171875,0.959287166595459,631.3519287109375,368.7449035644531,0.9332794547080994,617.5780639648438,366.9384460449219,0.23254670202732086,637.2477416992188,368.7301330566406,0.9165197014808655,635.2820434570312,590.2306518554688,0.8311485052108765,648.9030151367188,588.26318359375,0.8817617297172546,635.2161865234375,570.6726684570312,0.8587790727615356,601.9815063476562,584.2550048828125,0.8838366866111755,598.0030517578125,574.5167236328125,0.8340317010879517,617.6149291992188,556.96533203125,0.8707752823829651
1.0,617.5910034179688,355.1566162109375,0.8930774927139282,625.4371337890625,382.4787902832031,0.8877080678939819,602.0318603515625,382.4642028808594,0.955994725227356,596.0985717773438,417.85577392578125,0.8308318257331848,590.2678833007812,453.08636474609375,0.8643219470977783,648.9971923828125,382.4974060058594,0.9343661069869995,660.7576904296875,415.91204833984375,0.8718782663345337,650.8508911132812,447.1449890136719,0.9229304790496826,619.6585083007812,462.8885498046875,0.8574821352958679,604.0136108398438,462.8785400390625,0.8473556041717529,600.005126953125,517.7241821289062,0.8241642117500305,588.265625,572.5784301757812,0.8734170794487,635.2733764648438,462.91168212890625,0.8679076433181763,648.9361572265625,580.4066162109375,0.7725869417190552,662.630859375,580.4066162109375,0.7725869417190552,615.6266479492188,353.102294921875,0.8301582932472229,619.6316528320312,353.0879821777344,0.9401674866676331,0.0,0.0,0.0,633.360595703125,353.1551513671875,0.966006875038147,656.8207397460938,603.9562377929688,0.6695969700813293,666.5950927734375,601.9165649414062,0.7035736441612244,662.67431640625,584.2809448242188,0.6397490501403809,584.3014526367188,594.1073608398438,0.7610284686088562,572.5675659179688,588.2216186523438,0.848990261554718,592.1840209960938,576.514404296875,0.7142812013626099
2.0,619.5060424804688,353.0648193359375,0.9116290211677551,631.3037109375,382.42608642578125,0.8882351517677307,603.9864501953125,382.4413757324219,0.9025393724441528,601.9397583007812,417.81719970703125,0.903048038482666,598.0531616210938,449.1457214355469,0.8676695227622986,650.9324340820312,380.5744323730469,0.8945850133895874,666.5577392578125,413.90032958984375,0.9429737329483032,652.9696044921875,445.1893615722656,0.9056631922721863,629.390380859375,460.912353515625,0.8348966836929321,613.7020263671875,460.90802001953125,0.823758065700531,603.82275390625,521.5936889648438,0.8858758211135864,596.0550537109375,572.5843505859375,0.8271363377571106,645.0384521484375,460.91192626953125,0.8221132755279541,651.043701171875,578.466064453125,0.7903687357902527,666.5805053710938,578.466064453125,0.7903687357902527,617.548583984375,349.204345703125,0.7984554767608643,621.6087646484375,349.2005920410156,0.856110155582428,611.7560424804688,351.18011474609375,0.060353267937898636,635.3077392578125,351.1531677246094,0.9098633527755737,664.7120971679688,603.8851318359375,0.6585608720779419,678.29736328125,600.0128784179688,0.6332411766052246,666.5925903320312,586.221435546875,0.6421823501586914,586.355712890625,588.2374267578125,0.808327853679657,578.4192504882812,586.1805419921875,0.7962269186973572,599.978271484375,582.3287963867188,0.7112306952476501
3.0,621.5881958007812,355.1065673828125,0.6635608077049255,629.3934326171875,382.4468078613281,0.8846495151519775,603.94921875,382.43878173828125,0.9051472544670105,580.4310913085938,400.2705993652344,0.8653274774551392,552.9642333984375,413.9029235839844,0.9087569117546082,650.945556640625,382.44342041015625,0.8846663236618042,662.656982421875,415.92510986328125,0.8284690976142883,668.5340576171875,445.26708984375,0.7505322694778442,631.3008422851562,460.9170227050781,0.8512967824935913,613.7410888671875,460.9059143066406,0.8343753814697266,601.87841796875,517.7076416015625,0.810765266418457,588.2894287109375,572.5436401367188,0.8746042847633362,647.026611328125,460.9189453125,0.8346942663192749,650.9387817382812,574.5675659179688,0.8106435537338257,666.5517578125,574.5675659179688,0.8106435537338257,619.5414428710938,351.2664489746094,0.6179229021072388,629.382568359375,351.1959228515625,0.6985415816307068,615.6398315429688,353.2066955566406,0.28610026836395264,635.3367919921875,351.2208251953125,0.7165184020996094,664.6782836914062,600.0116577148438,0.6919050812721252,676.4226684570312,596.0431518554688,0.6671369671821594,666.5692749023438,580.3873901367188,0.6493452191352844,580.3809814453125,588.2576293945312,0.7837578654289246,572.5355834960938,586.1672973632812,0.8746563792228699,594.0859985351562,576.5263061523438,0.6918272376060486
4.0,605.9307861328125,345.3374328613281,0.8013023138046265,619.555419921875,364.8699951171875,0.9037270545959473,598.0369262695312,364.93646240234375,0.8668729066848755,588.3502807617188,400.0973815917969,0.9341542720794678,592.17578125,431.5202941894531,0.9048194289207458,641.1732788085938,362.9178771972656,0.8214527368545532,670.4874877929688,384.53228759765625,0.8913325071334839,662.6527709960938,419.7857360839844,0.8272695541381836,631.254638671875,443.2481689453125,0.7977007031440735,613.7318115234375,443.2789001464844,0.8096089959144592,603.8595581054688,498.10198974609375,0.8457279205322266,599.9092407226562,556.8829345703125,0.831936240196228,645.0546875,441.3290710449219,0.7612239122390747,652.8898315429688,556.8445434570312,0.8736890554428101,664.7120971679688,556.8445434570312,0.8736890554428101,603.9481811523438,339.39520263671875,0.7740073204040527,615.6035766601562,337.5747985839844,0.8249729871749878,603.8421630859375,339.4233093261719,0.06737732142210007,625.4398193359375,337.50762939453125,0.8271104693412781,664.65185546875,570.6422119140625,0.7962819337844849,672.4951171875,570.5355224609375,0.7523897886276245,664.6434936523438,558.86181640625,0.6892708539962769,588.27880859375,574.5738525390625,0.788358747959137,582.3607177734375,570.6577758789062,0.8283751010894775,601.9495239257812,564.7067260742188,0.7071384191513062
5.0,613.6726684570312,312.03759765625,0.5048987865447998,619.6322021484375,335.4591064453125,0.9242541790008545,598.0248413085938,335.48870849609375,0.873228907585144,586.2306518554688,368.92523193359375,0.8997571468353271,586.2406616210938,402.091552734375,0.8954058885574341,647.0188598632812,335.4066467285156,0.8898703455924988,678.2957763671875,366.9251403808594,0.9234530925750732,664.5911254882812,402.18218994140625,0.8713904619216919,619.598876953125,423.65765380859375,0.8153904676437378,603.9413452148438,421.7221984863281,0.808879017829895,603.9456787109375,490.2128601074219,0.8371957540512085,611.735595703125,554.8666381835938,0.8275934457778931,635.2697143554688,425.5966491699219,0.7982217669487,633.3095092773438,556.861572265625,0.8405673503875732,633.2841796875,556.861572265625,0.8405673503875732,607.83935546875,306.1458435058594,0.4441731572151184,617.64794921875,306.0990905761719,0.5942890644073486,605.9293212890625,306.1080017089844,0.23352965712547302,629.3997802734375,304.20489501953125,0.7507874965667725,625.487548828125,582.3307495117188,0.740264892578125,635.2708129882812,576.5126953125,0.7666686177253723,633.2461547851562,560.78857421875,0.6600623726844788,594.149169921875,572.5657958984375,0.7949900031089783,590.1639404296875,568.6380004882812,0.8226466178894043,617.5794677734375,558.8499755859375,0.7328203916549683
6.0,680.2786254882812,415.8271179199219,0.4024658799171448,658.7716674804688,413.84405517578125,0.7241203784942627,649.0219116210938,388.41375732421875,0.7258336544036865,635.1880493164062,398.21533203125,0.8580198287963867,666.6535034179688,413.90533447265625,0.818496823310852,668.537109375,431.58050537109375,0.7676377892494202,680.2153930664062,476.6277160644531,0.7309314608573914,680.34375,523.550048828125,0.8168977499008179,551.0322875976562,476.6145935058594,0.6907156705856323,543.1605224609375,472.6037902832031,0.6762754917144775,490.2281799316406,498.13482666015625,0.6086498498916626,468.7429504394531,480.51702880859375,0.46069100499153137,554.9923095703125,482.421142578125,0.6404783129692078,590.1749267578125,553.0006713867188,0.4238201379776001,572.67138671875,553.0006713867188,0.4238201379776001,680.2626953125,409.96746826171875,0.37131592631340027,684.2034912109375,413.8194274902344,0.2171185314655304,674.4052734375,398.1646423339844,0.5144398212432861,0.0,0.0,0.0,580.4203491210938,554.9938354492188,0.21937121450901031,584.3519897460938,554.9898071289062,0.2257457822561264,570.6323852539062,552.912841796875,0.38682663440704346,445.22906494140625,486.36114501953125,0.25105318427085876,447.17889404296875,476.57244873046875,0.30645468831062317,474.5888977050781,462.8738708496094,0.27916309237480164
7.0,0.0,0.0,0.0,0.0,0.0,0.0,0.0,0.0,0.0,0.0,0.0,0.0,0.0,0.0,0.0,0.0,0.0,0.0,0.0,0.0,0.0,0.0,0.0,0.0,0.0,0.0,0.0,0.0,0.0,0.0,0.0,0.0,0.0,0.0,0.0,0.0,541.2080078125,523.5393676757812,0.15728339552879333,464.841064453125,556.9431762695312,0.5661638379096985,507.9951171875,556.9431762695312,0.5661638379096985,0.0,0.0,0.0,0.0,0.0,0.0,0.0,0.0,0.0,0.0,0.0,0.0,476.5539245605469,572.5003662109375,0.5436609983444214,482.45751953125,574.5370483398438,0.517609179019928,521.570556640625,562.7643432617188,0.506344735622406,0.0,0.0,0.0,0.0,0.0,0.0,0.0,0.0,0.0
8.0,619.5444946289062,323.77294921875,0.8837519288063049,650.9419555664062,325.7361145019531,0.7979112267494202,637.2699584960938,335.42095947265625,0.7396369576454163,650.926025390625,376.65869140625,0.3000495135784149,635.25732421875,400.20965576171875,0.2913613021373749,664.69921875,321.80743408203125,0.8918256163597107,682.3636474609375,364.9358825683594,0.8886158466339111,650.9217529296875,396.1889343261719,0.8294758796691895,664.6748657226562,413.839111328125,0.7706748247146606,654.8469848632812,413.8717041015625,0.6882519125938416,658.7550048828125,492.2088623046875,0.7881099581718445,684.29541015625,554.9483642578125,0.8192993402481079,670.5430297851562,413.81640625,0.724390983581543,627.4492797851562,566.7012939453125,0.8479419946670532,617.690673828125,566.7012939453125,0.8479419946670532,617.5237426757812,319.88165283203125,0.2102689892053604,619.6425170898438,317.89984130859375,0.8853923082351685,0.0,0.0,0.0,637.1860961914062,306.1975402832031,0.8628732562065125,584.24658203125,576.53369140625,0.7373394966125488,590.1644287109375,584.3008422851562,0.8451709747314453,627.3948364257812,572.6743774414062,0.8309661746025085,652.8991088867188,566.6790161132812,0.6574650406837463,656.8212280273438,558.8817749023438,0.5651559829711914,697.9324340820312,560.7820434570312,0.7396708130836487
9.0,646.9965209960938,343.32684326171875,0.678159236907959,648.925048828125,353.15167236328125,0.9081433415412903,623.4652709960938,347.2708435058594,0.8337286114692688,633.337890625,366.9394836425781,0.8989485502243042,666.6672973632812,370.85528564453125,0.835678219795227,670.53955078125,362.9024353027344,0.8211004137992859,709.6749877929688,382.4780578613281,0.6665506362915039,707.7603759765625,384.5198059082031,0.48384949564933777,625.4837036132812,445.1606140136719,0.812836766242981,605.9004516601562,443.209716796875,0.7852725982666016,596.0953369140625,502.0483093261719,0.7810441851615906,599.9553833007812,556.93359375,0.8599221110343933,645.066650390625,445.2684020996094,0.8175767064094543,652.884765625,568.5916137695312,0.7901504635810852,668.5402221679688,568.5916137695312,0.7901504635810852,641.1257934570312,337.4512023925781,0.6600375175476074,650.8922729492188,337.5497741699219,0.7499231100082397,633.3626098632812,335.4582214355469,0.267200767993927,662.665771484375,337.54595947265625,0.6872480511665344,680.3598022460938,582.3743896484375,0.5667696595191956,688.171142578125,574.5636596679688,0.5619359612464905,664.6639404296875,574.5093994140625,0.7305828928947449,586.2157592773438,572.5689697265625,0.8229187726974487,574.5737915039062,570.4952392578125,0.8255995512008667,603.911865234375,568.5824584960938,0.8197274208068848
10.0,0.0,0.0,0.0,678.3104858398438,359.0283203125,0.1154324859380722,0.0,0.0,0.0,0.0,0.0,0.0,0.0,0.0,0.0,0.0,0.0,0.0,0.0,0.0,0.0,0.0,0.0,0.0,682.238525390625,419.7579040527344,0.3903810977935791,664.6749267578125,421.71710205078125,0.2887631952762604,660.7224731445312,503.9710388183594,0.23575633764266968,660.73095703125,568.6034545898438,0.25450098514556885,697.900146484375,415.8643493652344,0.32390907406806946,697.993408203125,578.4475708007812,0.3090311884880066,711.7275390625,578.4475708007812,0.3090311884880066,0.0,0.0,0.0,0.0,0.0,0.0,0.0,0.0,0.0,0.0,0.0,0.0,697.9219970703125,586.2589721679688,0.1301216185092926,707.7234497070312,586.3131713867188,0.11977940797805786,713.6314697265625,584.3133544921875,0.22142146527767181,0.0,0.0,0.0,0.0,0.0,0.0,664.6123046875,570.5575561523438,0.19700124859809875
11.0,609.7586669921875,329.6058349609375,0.7467740178108215,615.6931762695312,351.1974792480469,0.9372655749320984,588.2086181640625,351.2760009765625,0.9241892695426941,566.719970703125,384.4757385253906,0.9172810316085815,588.2482299804688,398.09765625,0.8579376935958862,637.2554321289062,349.234130859375,0.8763172626495361,656.7946166992188,382.62249755859375,0.8939809203147888,617.6602783203125,392.3316650390625,0.8065211772918701,617.6097412109375,431.5932922363281,0.8308436870574951,600.0056762695312,431.600830078125,0.7929854393005371,586.3345947265625,500.1020202636719,0.823054313659668,582.3795166015625,562.7657470703125,0.7680233120918274,635.18505859375,431.5933532714844,0.8252508044242859,633.3497314453125,572.5593872070312,0.8928515315055847,635.171875,572.5593872070312,0.8928515315055847,603.928955078125,323.7492980957031,0.8076575994491577,615.6405639648438,321.8605041503906,0.7882318496704102,599.9719848632812,327.676513671875,0.6381804347038269,619.6766967773438,321.8412170410156,0.7082520723342896,637.2029418945312,596.0420532226562,0.7543551325798035,649.0079345703125,590.1701049804688,0.8016587495803833,633.1976318359375,574.5152587890625,0.7312036156654358,568.6303100585938,582.36767578125,0.6739240288734436,558.8726806640625,572.6625366210938,0.6936423778533936,588.22314453125,570.59521484375,0.7654657363891602
12.0,660.7095336914062,351.252197265625,0.7065215110778809,670.5120239257812,353.19561767578125,0.8850702047348022,643.1167602539062,351.2120056152344,0.8258562684059143,617.5474243164062,335.4649658203125,0.7510392069816589,590.238037109375,317.8689270019531,0.6968010663986206,697.9337768554688,355.17608642578125,0.8619289994239807,727.3597412109375,390.36907958984375,0.8722547888755798,695.9688110351562,386.5072326660156,0.9023329019546509,680.2745361328125,449.15447998046875,0.8042325973510742,664.664794921875,449.18829345703125,0.779551088809967,670.5089721679688,517.68408203125,0.7550076246261597,678.392333984375,570.6692504882812,0.7169623374938965,695.8839111328125,449.1374816894531,0.7702283263206482,688.1272583007812,576.5066528320312,0.7410584688186646,672.4456787109375,576.5066528320312,0.7410584688186646,650.9951782226562,345.2681579589844,0.591025710105896,664.693603515625,345.28582763671875,0.684134304523468,647.0361938476562,339.4633483886719,0.050260044634342194,678.3892822265625,335.56146240234375,0.7033161520957947,668.5556640625,602.0057373046875,0.6430339813232422,680.280029296875,601.9732666015625,0.6821576356887817,666.6283569335938,586.2630615234375,0.5416437983512878,678.3716430664062,601.906982421875,0.44053834676742554,666.7097778320312,599.9523315429688,0.44287124276161194,680.2324829101562,576.470947265625,0.3758334219455719
13.0,641.1690673828125,398.1573181152344,0.5090834498405457,623.5360717773438,378.6289367675781,0.6895888447761536,609.7884521484375,368.81536865234375,0.7849271297454834,602.0012817382812,413.9583435058594,0.924638032913208,643.0580444335938,433.51422119140625,0.776186466217041,639.1956176757812,384.5469970703125,0.6108383536338806,633.3597412109375,423.66204833984375,0.2668488621711731,637.248779296875,431.5035705566406,0.16438379883766174,588.2985229492188,445.2076110839844,0.7917572259902954,572.6580810546875,445.18670654296875,0.7726540565490723,560.8419189453125,505.9576110839844,0.8036259412765503,525.6436157226562,556.9063720703125,0.9064765572547913,603.9252319335938,445.26190185546875,0.7762629985809326,619.5606689453125,568.5841674804688,0.8126120567321777,623.5292358398438,568.5841674804688,0.8126120567321777,637.2893676757812,392.3015441894531,0.5052133798599243,648.90673828125,392.306396484375,0.20778788626194,635.220458984375,366.8948059082031,0.473673015832901,0.0,0.0,0.0,643.0958862304688,584.3056640625,0.758664608001709,648.9605712890625,576.5276489257812,0.7720281481742859,617.6358642578125,572.5969848632812,0.808834433555603,531.4216918945312,584.2560424804688,0.8453717231750488,523.5003051757812,576.4658203125,0.864465057849884,525.48583984375,556.962890625,0.7810252904891968
14.0,598.0250244140625,359.0086364746094,0.4489450752735138,617.64013671875,353.16619873046875,0.6749065518379211,607.848388671875,351.2007751464844,0.4646117091178894,578.4620361328125,351.17022705078125,0.7156866788864136,554.9478149414062,351.2113037109375,0.8197934627532959,623.5203247070312,353.2364196777344,0.7153112888336182,596.0469360351562,380.53955078125,0.7896755337715149,578.4344482421875,355.0834045410156,0.7711135149002075,617.7060546875,435.4021911621094,0.7225867509841919,611.7674560546875,435.424560546875,0.6249786019325256,603.914794921875,500.1026306152344,0.6738293170928955,596.0579223632812,556.8387451171875,0.5916510820388794,625.4505004882812,433.5216064453125,0.6755221486091614,635.228759765625,554.9573974609375,0.7248681783676147,649.0579223632812,554.9573974609375,0.7248681783676147,599.9482421875,353.12176513671875,0.10322693735361099,596.0628662109375,351.2172546386719,0.4592602252960205,0.0,0.0,0.0,613.6785278320312,341.4063415527344,0.517717719078064,623.4771728515625,560.7828369140625,0.38882240653038025,629.3884887695312,566.6614379882812,0.4378431439399719,652.94287109375,558.8245239257812,0.5944405794143677,582.3649291992188,558.8875122070312,0.35533466935157776,578.4581909179688,558.8449096679688,0.3386688232421875,598.0507202148438,558.8623657226562,0.42651987075805664
15.0,639.2012939453125,366.8381652832031,0.3924538791179657,650.9439697265625,370.82073974609375,0.7521968483924866,633.2362670898438,382.50848388671875,0.6688975095748901,615.68798828125,415.8001708984375,0.5209475159645081,619.6246337890625,394.2752685546875,0.3506053388118744,668.613525390625,366.86944580078125,0.7706657648086548,666.6204223632812,372.7387390136719,0.6705796122550964,633.2838745117188,392.29364013671875,0.6795514822006226,664.5884399414062,443.290771484375,0.7648475766181946,650.892333984375,445.2685852050781,0.7205178737640381,637.2889404296875,505.9420471191406,0.6866194009780884,633.3562622070312,558.8930053710938,0.7457980513572693,676.4179077148438,439.345703125,0.7246657609939575,650.8707275390625,558.8861083984375,0.7758482098579407,670.513671875,558.8861083984375,0.7758482098579407,637.1836547851562,364.86627197265625,0.31415167450904846,643.087890625,361.0075988769531,0.40378448367118835,633.36572265625,362.9084167480469,0.1705888956785202,650.9811401367188,353.1573181152344,0.4650295674800873,656.7998046875,582.3561401367188,0.7927952408790588,666.61181640625,582.3414916992188,0.807326078414917,680.3013305664062,568.6282348632812,0.7172691822052002,613.7274169921875,568.668701171875,0.42566972970962524,615.6544799804688,564.7551879882812,0.39780905842781067,641.1344604492188,568.6719970703125,0.5202518701553345
16.0,648.8909301757812,382.44580078125,0.7899565100669861,666.6199340820312,384.51416015625,0.8486672043800354,664.6065673828125,384.5842590332031,0.7353836297988892,643.0609741210938,402.156982421875,0.3855566680431366,623.521728515625,390.3526916503906,0.4416334927082062,670.5149536132812,384.4105529785156,0.8804707527160645,645.082763671875,402.10418701171875,0.8577265739440918,619.63427734375,388.39813232421875,0.8454508781433105,668.5721435546875,449.1597900390625,0.8079742193222046,666.5767211914062,449.1084899902344,0.8056694865226746,662.6500244140625,494.2361755371094,0.6508285403251648,672.5001220703125,539.282470703125,0.5572210550308228,674.40966796875,451.06878662109375,0.8044073581695557,660.7352294921875,554.9081420898438,0.8294780254364014,672.4611206054688,554.9081420898438,0.8294780254364014,647.0264282226562,378.57318115234375,0.14947660267353058,648.9616088867188,374.6709289550781,0.7547256350517273,0.0,0.0,0.0,660.6779174804688,368.8832702636719,0.8024043440818787,652.8739624023438,562.7666625976562,0.7184180617332458,662.7034912109375,566.7107543945312,0.7282829284667969,680.3292846679688,558.81982421875,0.7809302806854248,650.9818115234375,541.1732788085938,0.3960806429386139,650.9842529296875,539.224853515625,0.3355006277561188,682.2652587890625,541.238037109375,0.2997179329395294
17.0,613.699951171875,388.4120788574219,0.8177351951599121,631.33349609375,400.23040771484375,0.8986687064170837,617.5173950195312,402.15399169921875,0.8336158394813538,619.6397705078125,429.5423889160156,0.3596949875354767,621.5286254882812,433.51318359375,0.1750285029411316,645.07568359375,400.10919189453125,0.8738085627555847,666.6329956054688,417.86669921875,0.8383868336677551,646.9827270507812,431.4679870605469,0.6972594857215881,641.1728515625,453.0534973144531,0.757455050945282,633.3648071289062,453.094970703125,0.7791446447372437,631.3699340820312,505.97576904296875,0.5916647911071777,639.1793212890625,552.9833984375,0.4375588893890381,650.8873901367188,453.0268859863281,0.8219180107116699,637.2091674804688,558.8477783203125,0.7665975689888,645.0283813476562,558.8477783203125,0.7665975689888,609.8260498046875,384.4550476074219,0.4607486128807068,617.5979614257812,384.49700927734375,0.8970757722854614,0.0,0.0,0.0,631.292724609375,384.4908142089844,0.8745139241218567,631.2799072265625,574.5293579101562,0.7371056079864502,635.3588256835938,576.4574584960938,0.7497495412826538,648.984130859375,568.5886840820312,0.7104693651199341,633.303955078125,568.6073608398438,0.16187460720539093,633.2376098632812,562.7620849609375,0.14735785126686096,648.9276123046875,556.9004516601562,0.2313622534275055
18.0,604.0193481445312,351.13580322265625,0.8586747646331787,623.544921875,368.8153076171875,0.9136698246002197,604.0151977539062,368.7762145996094,0.9199960231781006,615.6679077148438,400.1141662597656,0.8591671586036682,602.03125,425.64404296875,0.838243842124939,643.068115234375,368.8211364746094,0.8739827871322632,664.5371704101562,400.2430114746094,0.8658359050750732,652.9584350585938,441.29779052734375,0.7076526880264282,629.4096069335938,435.4181823730469,0.8130804300308228,617.6728515625,433.51080322265625,0.8408289551734924,617.6051025390625,492.30712890625,0.742112398147583,637.22265625,541.24365234375,0.7202099561691284,637.2880249023438,437.3888854980469,0.7941750884056091,623.5111694335938,556.8822021484375,0.8644912242889404,633.2605590820312,556.8822021484375,0.8644912242889404,603.9352416992188,343.3575439453125,0.47524628043174744,611.71044921875,347.23236083984375,0.770126461982727,0.0,0.0,0.0,621.6116943359375,347.26715087890625,0.8119302988052368,617.6420288085938,582.32861328125,0.9018657803535461,631.31982421875,582.3568725585938,0.8303313851356506,637.2678833007812,560.8016357421875,0.6756646633148193,623.5076904296875,572.5028686523438,0.16764521598815918,0.0,0.0,0.0,650.8463745117188,541.1710815429688,0.6139898300170898
19.0,601.8800659179688,353.2279052734375,0.8689008951187134,617.63916015625,376.6455383300781,0.8762980103492737,596.0955200195312,378.623291015625,0.8153330087661743,582.344970703125,413.86236572265625,0.8822029232978821,553.0049438476562,435.43701171875,0.8212658762931824,635.3482055664062,374.70965576171875,0.8317177891731262,664.7005004882812,409.96295166015625,0.7954825162887573,682.3084716796875,443.2555236816406,0.5918494462966919,631.3067016601562,447.2485046386719,0.8225620985031128,617.6691284179688,449.13262939453125,0.8202082514762878,597.9962158203125,502.064453125,0.6183704733848572,619.5574951171875,558.8482055664062,0.5054965615272522,641.1241455078125,447.1876220703125,0.7918978929519653,600.0138549804688,558.832763671875,0.5609191656112671,621.5908203125,558.832763671875,0.5609191656112671,599.9280395507812,351.12042236328125,0.7085127830505371,603.9772338867188,351.1485290527344,0.8838266134262085,0.0,0.0,0.0,619.633544921875,351.0872802734375,0.8744837641716003,601.981689453125,588.2205810546875,0.36770737171173096,617.5697021484375,586.2824096679688,0.38130295276641846,631.3666381835938,568.6485595703125,0.44912663102149963,603.9668579101562,578.4413452148438,0.1842251420021057,603.8799438476562,574.5387573242188,0.17220960557460785,633.2882080078125,566.701171875,0.26309531927108765
20.0,631.3604125976562,351.2018737792969,0.7127505540847778,643.07763671875,357.06536865234375,0.813203752040863,617.6725463867188,351.17694091796875,0.8553346395492554,588.2288208007812,333.4767150878906,0.8155120611190796,556.958740234375,306.21246337890625,0.8844308853149414,664.6762084960938,366.82391357421875,0.8589073419570923,686.1970825195312,409.905517578125,0.8234385251998901,649.0206909179688,431.50537109375,0.8885757923126221,648.9917602539062,435.4311218261719,0.7778176665306091,633.37109375,435.4685974121094,0.7545674443244934,619.6154174804688,504.015625,0.7116564512252808,652.928955078125,556.8580932617188,0.3758524954319,664.6342163085938,435.417724609375,0.7745807766914368,635.1805419921875,572.5896606445312,0.7979809045791626,651.029541015625,572.5896606445312,0.7979809045791626,625.49560546875,347.23297119140625,0.4510440230369568,635.207763671875,347.26336669921875,0.7322689294815063,0.0,0.0,0.0,649.0167846679688,339.48480224609375,0.8653355836868286,621.6082763671875,592.1435546875,0.7931353449821472,635.2858276367188,596.1052856445312,0.8139625787734985,664.6004638671875,584.2763061523438,0.730959951877594,633.30908203125,582.29052734375,0.10064508020877838,0.0,0.0,0.0,0.0,0.0,0.0
21.0,619.5560913085938,431.4859313964844,0.5867934226989746,637.2276000976562,411.91656494140625,0.786847710609436,631.287109375,415.8138427734375,0.7131227254867554,637.193359375,456.95135498046875,0.6942092180252075,635.3182983398438,480.50701904296875,0.6291342973709106,650.859375,402.18707275390625,0.8560087084770203,678.3070678710938,447.13006591796875,0.912341833114624,648.96728515625,464.8929138183594,0.7569971084594727,682.2438354492188,451.1475830078125,0.7363971471786499,666.638671875,458.9015808105469,0.6837314963340759,635.1961059570312,496.1618957519531,0.7686071991920471,662.7207641601562,558.8495483398438,0.5406525135040283,696.0240478515625,447.2250671386719,0.8025352954864502,656.8482666015625,570.5553588867188,0.7936664819717407,662.6951904296875,570.5553588867188,0.7936664819717407,617.5792236328125,429.6315612792969,0.09813809394836426,619.548828125,427.5692443847656,0.6419214010238647,0.0,0.0,0.0,629.33349609375,411.91741943359375,0.7739046812057495,633.2954711914062,588.2710571289062,0.8594958186149597,646.9660034179688,590.2002563476562,0.7695477604866028,668.60302734375,574.5990600585938,0.7028873562812805,641.1443481445312,586.2437133789062,0.16457462310791016,0.0,0.0,0.0,674.445068359375,566.6635131835938,0.2026623636484146
22.0,629.3995971679688,349.169921875,0.0637843906879425,641.106689453125,364.8520812988281,0.39370572566986084,617.6707153320312,353.189208984375,0.3858810365200043,576.4822387695312,351.1374206542969,0.5684404373168945,537.2926025390625,362.9164733886719,0.4503515362739563,662.6904907226562,370.7524108886719,0.39950740337371826,678.284912109375,402.0879211425781,0.6453670859336853,633.3233642578125,386.4628601074219,0.8002004623413086,635.3280029296875,445.20941162109375,0.38515231013298035,627.4403076171875,445.2103271484375,0.2967882752418518,623.4908447265625,500.100341796875,0.16404442489147186,637.2216186523438,617.6788940429688,0.05112052708864212,647.0047607421875,445.23101806640625,0.44049230217933655,631.3522338867188,629.39208984375,0.12086613476276398,643.1160888671875,629.39208984375,0.12086613476276398,0.0,0.0,0.0,635.25439453125,339.4356384277344,0.06210915371775627,0.0,0.0,0.0,641.1470336914062,341.3638000488281,0.1056411936879158,0.0,0.0,0.0,0.0,0.0,0.0,0.0,0.0,0.0,0.0,0.0,0.0,0.0,0.0,0.0,0.0,0.0,0.0
23.0,588.166015625,386.4587707519531,0.6964594721794128,617.6737060546875,380.56036376953125,0.6695072650909424,611.7486572265625,382.5255126953125,0.5063859224319458,568.6727905273438,408.0321960449219,0.2862898111343384,578.4564208984375,398.20440673828125,0.10614560544490814,623.5022583007812,374.70196533203125,0.7820240259170532,609.8056640625,400.1697692871094,0.7900958061218262,576.4673461914062,431.458740234375,0.8328233957290649,649.0331420898438,447.26629638671875,0.8044005632400513,643.0791015625,449.1186828613281,0.6869192719459534,625.4424438476562,507.8740539550781,0.39086270332336426,633.2662963867188,556.8762817382812,0.3524915874004364,654.8546752929688,447.23809814453125,0.8158262968063354,633.2140502929688,586.3267822265625,0.6827049851417542,641.1137084960938,586.3267822265625,0.6827049851417542,584.2946166992188,382.525634765625,0.1301848441362381,588.1867065429688,380.59307861328125,0.7705090045928955,0.0,0.0,0.0,601.9107055664062,366.8779602050781,0.8290411233901978,613.6631469726562,609.816650390625,0.6029284000396729,619.6580200195312,615.6179809570312,0.6401559114456177,650.9150390625,599.9309692382812,0.589551568031311,615.6974487304688,566.7029418945312,0.31181034445762634,615.6571655273438,564.7451782226562,0.3201720714569092,0.0,0.0,0.0
24.0,586.32421875,380.5204162597656,0.5535528063774109,617.5999145507812,382.47943115234375,0.8745224475860596,603.8941650390625,384.57476806640625,0.7838627099990845,576.476318359375,411.8700866699219,0.7907493710517883,572.63525390625,392.2884216308594,0.6589686870574951,631.2748413085938,374.7104797363281,0.7965015172958374,629.3305053710938,398.2514343261719,0.9057971239089966,588.185546875,384.552490234375,0.9272876381874084,648.9624633789062,447.19879150390625,0.8469545841217041,637.1953735351562,447.2541809082031,0.7713633179664612,617.6068115234375,507.9852600097656,0.7333289384841919,652.8759155273438,570.6394653320312,0.5332273244857788,656.8392944335938,447.1655578613281,0.8162452578544617,619.6856689453125,586.3512573242188,0.7868266701698303,658.7551879882812,586.3512573242188,0.7868266701698303,582.3466796875,370.79827880859375,0.18078821897506714,588.198974609375,370.8257751464844,0.6470320820808411,0.0,0.0,0.0,603.917236328125,366.8774719238281,0.8413102030754089,621.5494995117188,601.8661499023438,0.8086248636245728,633.3443603515625,603.9069213867188,0.804512083530426,668.5287475585938,596.0995483398438,0.7142065763473511,621.57421875,582.3529663085938,0.36014118790626526,623.5010986328125,580.3925170898438,0.32635098695755005,666.6165161132812,572.593017578125,0.16355395317077637
25.0,645.0139770507812,337.48675537109375,0.8658283352851868,660.7405395507812,357.08087158203125,0.8387672305107117,641.1536865234375,355.095947265625,0.8305023312568665,631.2617797851562,388.4156799316406,0.775088906288147,601.9507446289062,400.1911315917969,0.6332541108131409,678.3709106445312,362.88812255859375,0.8388877511024475,660.750732421875,400.109375,0.8996831774711609,615.6575317382812,402.1304016113281,0.8531453609466553,654.8639526367188,443.2093200683594,0.775424599647522,648.898193359375,439.3279724121094,0.7621802687644958,650.8942260742188,513.7669677734375,0.6931284070014954,697.9266967773438,564.7374877929688,0.5658396482467651,666.5236206054688,445.1513671875,0.8197808861732483,631.2838134765625,562.7650146484375,0.7701185345649719,633.1978759765625,562.7650146484375,0.7701185345649719,643.0626220703125,333.5721130371094,0.5938060879707336,649.0040893554688,335.4620361328125,0.8843148946762085,0.0,0.0,0.0,666.5663452148438,335.4844665527344,0.9441331624984741,603.8541259765625,582.3226928710938,0.6852032542228699,615.6859741210938,584.3175659179688,0.7077080607414246,635.299072265625,568.64892578125,0.698419451713562,680.3157958984375,578.4307250976562,0.42232459783554077,680.385498046875,574.542236328125,0.38732197880744934,709.6680908203125,570.57568359375,0.4341142177581787
26.0,627.4429321289062,339.4308166503906,0.31351354718208313,617.6378784179688,366.9209289550781,0.9049508571624756,590.2144775390625,366.8951110839844,0.8645020723342896,574.5350341796875,413.8659973144531,0.9326667785644531,603.9605102539062,427.51953125,0.8046154975891113,641.1166381835938,368.7318115234375,0.7953187823295593,650.9832763671875,413.8014221191406,0.8491026163101196,643.1124267578125,378.590087890625,0.6843775510787964,617.6426391601562,451.07745361328125,0.8290378451347351,601.9082641601562,451.0747985839844,0.7905069589614868,619.6176147460938,523.6610107421875,0.835344135761261,625.4698486328125,600.0050659179688,0.702003002166748,633.3555908203125,449.2104187011719,0.8218692541122437,648.925048828125,554.9635009765625,0.6313686966896057,599.9791870117188,554.9635009765625,0.6313686966896057,621.5260009765625,335.54205322265625,0.35585519671440125,633.2073364257812,335.542724609375,0.26069197058677673,611.7797241210938,337.45538330078125,0.5802484154701233,635.2136840820312,335.5103454589844,0.1143435686826706,603.9400024414062,586.2522583007812,0.32087424397468567,605.8905639648438,576.5115356445312,0.27166423201560974,586.2991333007812,554.9507446289062,0.5144832134246826,637.2172241210938,613.68310546875,0.5207667946815491,621.6041870117188,613.6906127929688,0.5246970653533936,623.5053100585938,603.9298095703125,0.5377631187438965
27.0,494.2028503417969,200.32518005371094,0.1485300213098526,490.2555847167969,261.0904235839844,0.21967865526676178,445.2241516113281,284.5723571777344,0.16747118532657623,486.3528747558594,357.0833435058594,0.32713210582733154,580.3873901367188,366.8610534667969,0.5037789940834045,531.4171752929688,241.43011474609375,0.2025345116853714,590.197265625,288.5263671875,0.12194954603910446,0.0,0.0,0.0,564.7410278320312,402.1078186035156,0.2608516812324524,543.1620483398438,411.90338134765625,0.245652973651886,586.34033203125,498.1159362792969,0.5735656023025513,556.8333129882812,588.2159423828125,0.5030507445335388,586.3148803710938,390.3699645996094,0.23489566147327423,639.1690063476562,558.9055786132812,0.6680986285209656,650.8600463867188,558.9055786132812,0.6680986285209656,476.5619812011719,196.42767333984375,0.12436030805110931,492.2225646972656,190.55474853515625,0.08824306726455688,460.8895568847656,216.00279235839844,0.11236812174320221,0.0,0.0,0.0,680.3533935546875,570.55810546875,0.4146457016468048,680.3270263671875,566.6619262695312,0.40629714727401733,645.0728759765625,570.62890625,0.4686904847621918,572.534423828125,601.9852294921875,0.2714826166629791,566.6672973632812,603.8655395507812,0.2748110890388489,551.0160522460938,596.0634155273438,0.3836519122123718
28.0,664.5462036132812,400.1197509765625,0.7597779035568237,648.8887939453125,400.23651123046875,0.8890301585197449,629.3355102539062,398.1237487792969,0.8352882862091064,586.3363647460938,404.1308898925781,0.8374488353729248,584.2936401367188,435.41204833984375,0.5434093475341797,666.5668334960938,411.85443115234375,0.8874878287315369,664.685791015625,445.1397399902344,0.8427560329437256,648.9546508789062,427.5364990234375,0.778283953666687,621.5135498046875,456.9447326660156,0.7845460176467896,605.892578125,453.07403564453125,0.7596789598464966,600.0194091796875,505.9191589355469,0.8377016186714172,572.5385131835938,566.7080078125,0.8614422082901001,635.3409423828125,458.897216796875,0.7831029891967773,664.7150268554688,554.894287109375,0.8782429695129395,664.6649169921875,554.894287109375,0.8782429695129395,662.6536865234375,396.19317626953125,0.6986517906188965,666.5413818359375,398.16522216796875,0.5986829996109009,650.9305419921875,384.47186279296875,0.8087941408157349,668.5864868164062,398.1111145019531,0.05809081718325615,693.970458984375,568.608154296875,0.7988942861557007,692.0641479492188,558.8775634765625,0.7516037225723267,654.8228149414062,560.8126220703125,0.7447633743286133,588.2520751953125,597.9961547851562,0.7266734838485718,572.6146850585938,592.1806640625,0.7121734619140625,568.6013793945312,570.5220336914062,0.7442914247512817
29.0,668.6331176757812,333.5584411621094,0.40976235270500183,654.8458251953125,353.10205078125,0.8877429366111755,635.31982421875,349.2603759765625,0.8695581555366516,635.2993774414062,353.2311706542969,0.8889765739440918,664.6380004882812,337.4667663574219,0.9234482645988464,676.4009399414062,357.0500183105469,0.8314392566680908,697.9180297851562,380.5535888671875,0.8561084270477295,697.8690185546875,351.12054443359375,0.9148035049438477,650.9840087890625,431.5577392578125,0.8538268804550171,637.197265625,431.5541076660156,0.8200860023498535,629.3262939453125,494.2372131347656,0.7631181478500366,599.9532470703125,558.8734741210938,0.6712813377380371,666.5730590820312,431.5758361816406,0.8420585989952087,680.2991333007812,551.0435180664062,0.8525952696800232,664.6473388671875,551.0435180664062,0.8525952696800232,666.660888671875,323.82781982421875,0.47054323554039,676.4271240234375,331.5805969238281,0.3213009834289551,658.77294921875,323.78997802734375,0.627758264541626,0.0,0.0,0.0,688.1495971679688,568.5911254882812,0.7774713635444641,688.1892700195312,558.8500366210938,0.767569899559021,651.0035400390625,556.9153442382812,0.6686069369316101,601.9589233398438,584.3172607421875,0.7466453313827515,588.3416748046875,580.3992309570312,0.6614112854003906,598.035400390625,566.70068359375,0.48381340503692627
30.0,627.4559936523438,337.3855895996094,0.7758280634880066,637.2120361328125,359.0002136230469,0.8640038371086121,619.5150146484375,359.0107421875,0.8782443404197693,588.318359375,358.997314453125,0.8954691886901855,605.9375,335.41046142578125,0.8710538148880005,658.7590942382812,359.0020751953125,0.8123979568481445,678.3822631835938,386.4305114746094,0.8781089186668396,664.6251220703125,362.9507141113281,0.8147222995758057,635.312744140625,431.5986633300781,0.8590680956840515,619.6953735351562,431.5731506347656,0.8456939458847046,617.5999145507812,490.30242919921875,0.8775944709777832,605.8709106445312,541.2874755859375,0.8415207862854004,650.9253540039062,433.45001220703125,0.8535193204879761,652.8909912109375,541.2244262695312,0.8638931512832642,662.6181030273438,541.2244262695312,0.8638931512832642,623.509033203125,335.4025573730469,0.4711788296699524,633.283935546875,333.55511474609375,0.8258277773857117,0.0,0.0,0.0,648.85205078125,335.5013122558594,0.8994671106338501,664.623779296875,556.82275390625,0.7589892745018005,670.4990844726562,554.8890991210938,0.7610145807266235,660.716552734375,545.1212768554688,0.6676931381225586,603.9187622070312,558.8773193359375,0.7834241390228271,596.0364990234375,556.8380126953125,0.7900457382202148,609.7765502929688,545.168212890625,0.6891350150108337
31.0,605.9037475585938,335.5928955078125,0.6139297485351562,605.94091796875,359.03582763671875,0.8527019619941711,586.2611694335938,355.10845947265625,0.8740111589431763,554.9469604492188,349.24749755859375,0.9202694892883301,584.3568725585938,319.9249267578125,0.871285080909729,631.3450927734375,364.9032287597656,0.8406968712806702,650.9580688476562,392.318359375,0.8654317259788513,635.2685546875,355.13165283203125,0.8634597659111023,601.9623413085938,441.33709716796875,0.8413680791854858,586.3281860351562,441.27984619140625,0.8168718218803406,588.2041625976562,507.97113037109375,0.8388911485671997,607.8046875,564.7277221679688,0.5935208201408386,617.6070556640625,443.24176025390625,0.8249534964561462,603.9719848632812,586.2955322265625,0.7006341814994812,603.984375,586.2955322265625,0.7006341814994812,601.9754638671875,331.62371826171875,0.6118819713592529,615.5921020507812,331.6203308105469,0.5932881832122803,592.1771240234375,337.39404296875,0.39003652334213257,619.61474609375,335.42120361328125,0.4548938274383545,601.9293212890625,601.9793701171875,0.5525193214416504,613.6995849609375,601.9288330078125,0.5304821133613586,604.0046997070312,592.15771484375,0.5180631875991821,617.5635986328125,588.2858276367188,0.3249155282974243,603.9509887695312,588.1842041015625,0.29758909344673157,617.5709228515625,560.853515625,0.3639807403087616
